Bin Center, Count
0.0005, 5237
0.0015, 5579
0.0025, 5677
0.0035, 5615
0.0045, 5758
0.0055, 5824
0.0065, 5713
0.0075, 5718
0.0085, 6029
0.0095, 6334
0.0105, 5682
0.0115, 5742
0.0125, 5522
0.0135, 5621
0.0145, 5505
0.0155, 5371
0.0165, 5482
0.0175, 5583
0.0185, 5432
0.0195, 5537
0.0205, 5555
0.0215, 5466
0.0225, 5473
0.0235, 5519
0.0245, 5374
0.0255, 5343
0.0265, 5355
0.0275, 5320
0.0285, 5407
0.0295, 5310
0.0305, 5320
0.0315, 5335
0.0325, 5421
0.0335, 5409
0.0345, 5323
0.0355, 5285
0.0365, 5266
0.0375, 5289
0.0385, 5344
0.0395, 5145
0.0405, 5263
0.0415, 5202
0.0425, 5124
0.0435, 5264
0.0445, 5249
0.0455, 5295
0.0465, 5319
0.0475, 5245
0.0485, 5439
0.0495, 5496
0.0505, 5252
0.0515, 5286
0.0525, 5346
0.0535, 5221
0.0545, 5346
0.0555, 5345
0.0565, 5422
0.0575, 5389
0.0585, 26544
0.0595, 44337
0.0605, 5140
0.0615, 5141
0.0625, 5317
0.0635, 5218
0.0645, 5200
0.0655, 5191
0.0665, 5141
0.0675, 21622
0.0685, 5081
0.0695, 9971
0.0705, 4808
0.0715, 4962
0.0725, 4892
0.0735, 4942
0.0745, 4869
0.0755, 4824
0.0765, 4838
0.0775, 4905
0.0785, 4833
0.0795, 4851
0.0805, 4797
0.0815, 4847
0.0825, 4802
0.0835, 4808
0.0845, 4730
0.0855, 4724
0.0865, 4765
0.0875, 4772
0.0885, 4756
0.0895, 4817
0.0905, 4732
0.0915, 4771
0.0925, 4801
0.0935, 4615
0.0945, 4731
0.0955, 4771
0.0965, 4875
0.0975, 4772
0.0985, 4700
0.0995, 4742
0.1005, 4676
0.1015, 4714
0.1025, 4521
0.1035, 4786
0.1045, 4742
0.1055, 4502
0.1065, 4533
0.1075, 4554
0.1085, 4637
0.1095, 4546
0.1105, 4697
0.1115, 4616
0.1125, 4787
0.1135, 4653
0.1145, 4626
0.1155, 4506
0.1165, 4666
0.1175, 4487
0.1185, 4601
0.1195, 4546
0.1205, 4586
0.1215, 4443
0.1225, 4491
0.1235, 4520
0.1245, 4405
0.1255, 4551
0.1265, 4563
0.1275, 4523
0.1285, 4427
0.1295, 4489
0.1305, 4416
0.1315, 4530
0.1325, 4441
0.1335, 4467
0.1345, 4385
0.1355, 4378
0.1365, 4390
0.1375, 4368
0.1385, 4426
0.1395, 4427
0.1405, 4468
0.1415, 4323
0.1425, 4428
0.1435, 4360
0.1445, 4522
0.1455, 4394
0.1465, 4279
0.1475, 4291
0.1485, 4285
0.1495, 4479
0.1505, 4398
0.1515, 4340
0.1525, 4329
0.1535, 4245
0.1545, 4222
0.1555, 4452
0.1565, 4423
0.1575, 4355
0.1585, 4291
0.1595, 4219
0.1605, 4352
0.1615, 4240
0.1625, 4264
0.1635, 4380
0.1645, 4260
0.1655, 4229
0.1665, 4219
0.1675, 4326
0.1685, 4289
0.1695, 4414
0.1705, 4466
0.1715, 4432
0.1725, 4545
0.1735, 4494
0.1745, 4596
0.1755, 4435
0.1765, 4536
0.1775, 4682
0.1785, 4470
0.1795, 4495
0.1805, 4720
0.1815, 4433
0.1825, 4424
0.1835, 4561
0.1845, 4527
0.1855, 4579
0.1865, 4451
0.1875, 4475
0.1885, 4491
0.1895, 4406
0.1905, 4525
0.1915, 4532
0.1925, 4436
0.1935, 4540
0.1945, 4406
0.1955, 4389
0.1965, 4469
0.1975, 4534
0.1985, 4478
0.1995, 4578
0.2005, 4437
0.2015, 4368
0.2025, 4470
0.2035, 4509
0.2045, 4396
0.2055, 4321
0.2065, 4476
0.2075, 4395
0.2085, 4361
0.2095, 4364
0.2105, 4433
0.2115, 4419
0.2125, 4386
0.2135, 4391
0.2145, 4392
0.2155, 4392
0.2165, 4405
0.2175, 4384
0.2185, 4501
0.2195, 4458
0.2205, 4328
0.2215, 4405
0.2225, 4254
0.2235, 4378
0.2245, 4264
0.2255, 4271
0.2265, 4260
0.2275, 4175
0.2285, 4307
0.2295, 4230
0.2305, 4336
0.2315, 4199
0.2325, 4371
0.2335, 4194
0.2345, 4166
0.2355, 4216
0.2365, 4130
0.2375, 4179
0.2385, 4173
0.2395, 4078
0.2405, 4122
0.2415, 4125
0.2425, 4160
0.2435, 4187
0.2445, 4152
0.2455, 4062
0.2465, 4158
0.2475, 4110
0.2485, 4154
0.2495, 4168
0.2505, 4064
0.2515, 4252
0.2525, 4757
0.2535, 4143
0.2545, 4132
0.2555, 4262
0.2565, 4214
0.2575, 4192
0.2585, 4101
0.2595, 4114
0.2605, 4175
0.2615, 4149
0.2625, 4386
0.2635, 4270
0.2645, 4282
0.2655, 4205
0.2665, 4203
0.2675, 4267
0.2685, 4362
0.2695, 4290
0.2705, 4268
0.2715, 4376
0.2725, 4474
0.2735, 4358
0.2745, 4344
0.2755, 4499
0.2765, 4420
0.2775, 4506
0.2785, 4540
0.2795, 4515
0.2805, 4590
0.2815, 4563
0.2825, 4650
0.2835, 4558
0.2845, 4677
0.2855, 4722
0.2865, 4716
0.2875, 4748
0.2885, 4795
0.2895, 4813
0.2905, 4880
0.2915, 4857
0.2925, 4904
0.2935, 4980
0.2945, 5075
0.2955, 4989
0.2965, 5107
0.2975, 5075
0.2985, 5047
0.2995, 5232
0.3005, 5302
0.3015, 5287
0.3025, 5415
0.3035, 5346
0.3045, 5308
0.3055, 5462
0.3065, 5465
0.3075, 5584
0.3085, 5575
0.3095, 5678
0.3105, 5753
0.3115, 5661
0.3125, 5926
0.3135, 5779
0.3145, 5993
0.3155, 5890
0.3165, 6156
0.3175, 6133
0.3185, 6058
0.3195, 6291
0.3205, 6285
0.3215, 6304
0.3225, 6388
0.3235, 6441
0.3245, 6524
0.3255, 6509
0.3265, 6733
0.3275, 6708
0.3285, 6932
0.3295, 6977
0.3305, 6998
0.3315, 7072
0.3325, 7103
0.3335, 7206
0.3345, 7084
0.3355, 7450
0.3365, 7551
0.3375, 7527
0.3385, 7624
0.3395, 7811
0.3405, 6395
0.3415, 3495
0.3425, 3424
0.3435, 3396
0.3445, 3412
0.3455, 3308
0.3465, 3315
0.3475, 3380
0.3485, 3238
0.3495, 3115
0.3505, 3156
0.3515, 3211
0.3525, 3101
0.3535, 3102
0.3545, 2994
0.3555, 3029
0.3565, 3082
0.3575, 2879
0.3585, 2892
0.3595, 2867
0.3605, 2864
0.3615, 2953
0.3625, 2822
0.3635, 2895
0.3645, 2860
0.3655, 2788
0.3665, 2659
0.3675, 2735
0.3685, 2698
0.3695, 2676
0.3705, 2622
0.3715, 2574
0.3725, 2539
0.3735, 2473
0.3745, 2544
0.3755, 2486
0.3765, 2462
0.3775, 2444
0.3785, 2481
0.3795, 2462
0.3805, 2443
0.3815, 2286
0.3825, 2298
0.3835, 2335
0.3845, 2244
0.3855, 2237
0.3865, 2224
0.3875, 2263
0.3885, 2264
0.3895, 2193
0.3905, 2185
0.3915, 2077
0.3925, 2152
0.3935, 2139
0.3945, 2144
0.3955, 2138
0.3965, 2019
0.3975, 2097
0.3985, 2014
0.3995, 1989
0.4005, 1895
0.4015, 1789
0.4025, 1866
0.4035, 1827
0.4045, 1786
0.4055, 1784
0.4065, 1717
0.4075, 1646
0.4085, 1698
0.4095, 1721
0.4105, 1662
0.4115, 1599
0.4125, 1533
0.4135, 1621
0.4145, 1577
0.4155, 1580
0.4165, 1538
0.4175, 1690
0.4185, 1586
0.4195, 1541
0.4205, 1576
0.4215, 1464
0.4225, 1547
0.4235, 1532
0.4245, 1474
0.4255, 1506
0.4265, 1358
0.4275, 1457
0.4285, 1411
0.4295, 1408
0.4305, 1404
0.4315, 1324
0.4325, 1387
0.4335, 1353
0.4345, 1396
0.4355, 1307
0.4365, 1286
0.4375, 1264
0.4385, 1297
0.4395, 1166
0.4405, 1296
0.4415, 1326
0.4425, 1220
0.4435, 1215
0.4445, 1262
0.4455, 1276
0.4465, 1275
0.4475, 1308
0.4485, 1268
0.4495, 1176
0.4505, 1157
0.4515, 1184
0.4525, 1129
0.4535, 1179
0.4545, 1228
0.4555, 1185
0.4565, 1156
0.4575, 1233
0.4585, 1243
0.4595, 1132
0.4605, 1216
0.4615, 1124
0.4625, 1173
0.4635, 1137
0.4645, 1169
0.4655, 1164
0.4665, 1127
0.4675, 1182
0.4685, 1105
0.4695, 1104
0.4705, 1072
0.4715, 1109
0.4725, 1047
0.4735, 1057
0.4745, 1101
0.4755, 1075
0.4765, 1065
0.4775, 1053
0.4785, 1019
0.4795, 1048
0.4805, 1041
0.4815, 1000
0.4825, 1002
0.4835, 969
0.4845, 1012
0.4855, 965
0.4865, 1033
0.4875, 921
0.4885, 974
0.4895, 927
0.4905, 957
0.4915, 926
0.4925, 894
0.4935, 927
0.4945, 851
0.4955, 893
0.4965, 900
0.4975, 833
0.4985, 864
0.4995, 864
0.5005, 852
0.5015, 965
0.5025, 803
0.5035, 807
0.5045, 782
0.5055, 748
0.5065, 748
0.5075, 704
0.5085, 752
0.5095, 756
0.5105, 467276
0.5115, 668
0.5125, 662
0.5135, 631
0.5145, 661
0.5155, 685
0.5165, 642
0.5175, 663
0.5185, 643
0.5195, 664
0.5205, 629
0.5215, 660
0.5225, 658
0.5235, 694
0.5245, 662
0.5255, 625
0.5265, 677
0.5275, 634
0.5285, 674
0.5295, 620
0.5305, 671
0.5315, 638
0.5325, 660
0.5335, 668
0.5345, 634
0.5355, 708
0.5365, 634
0.5375, 647
0.5385, 646
0.5395, 617
0.5405, 670
0.5415, 705
0.5425, 622
0.5435, 687
0.5445, 667
0.5455, 687
0.5465, 603
0.5475, 652
0.5485, 637
0.5495, 651
0.5505, 595
0.5515, 638
0.5525, 628
0.5535, 700
0.5545, 695
0.5555, 660
0.5565, 660
0.5575, 612
0.5585, 686
0.5595, 677
0.5605, 613
0.5615, 647
0.5625, 667
0.5635, 705
0.5645, 645
0.5655, 651
0.5665, 631
0.5675, 627
0.5685, 609
0.5695, 687
0.5705, 683
0.5715, 657
0.5725, 591
0.5735, 635
0.5745, 662
0.5755, 639
0.5765, 684
0.5775, 637
0.5785, 672
0.5795, 626
0.5805, 635
0.5815, 620
0.5825, 610
0.5835, 629
0.5845, 679
0.5855, 586
0.5865, 651
0.5875, 606
0.5885, 626
0.5895, 630
0.5905, 637
0.5915, 642
0.5925, 590
0.5935, 630
0.5945, 588
0.5955, 595
0.5965, 619
0.5975, 595
0.5985, 636
0.5995, 627
0.6005, 665
0.6015, 673
0.6025, 622
0.6035, 605
0.6045, 630
0.6055, 638
0.6065, 624
0.6075, 613
0.6085, 673
0.6095, 670
0.6105, 625
0.6115, 605
0.6125, 640
0.6135, 600
0.6145, 650
0.6155, 619
0.6165, 626
0.6175, 611
0.6185, 611
0.6195, 634
0.6205, 607
0.6215, 642
0.6225, 628
0.6235, 612
0.6245, 622
0.6255, 619
0.6265, 634
0.6275, 635
0.6285, 589
0.6295, 656
0.6305, 619
0.6315, 647
0.6325, 600
0.6335, 634
0.6345, 635
0.6355, 639
0.6365, 629
0.6375, 619
0.6385, 657
0.6395, 599
0.6405, 635
0.6415, 585
0.6425, 609
0.6435, 613
0.6445, 628
0.6455, 675
0.6465, 619
0.6475, 626
0.6485, 604
0.6495, 623
0.6505, 627
0.6515, 624
0.6525, 653
0.6535, 645
0.6545, 623
0.6555, 593
0.6565, 597
0.6575, 551
0.6585, 637
0.6595, 595
0.6605, 588
0.6615, 638
0.6625, 615
0.6635, 648
0.6645, 629
0.6655, 605
0.6665, 624
0.6675, 657
0.6685, 615
0.6695, 653
0.6705, 648
0.6715, 584
0.6725, 626
0.6735, 607
0.6745, 601
0.6755, 599
0.6765, 620
0.6775, 654
0.6785, 629
0.6795, 609
0.6805, 637
0.6815, 642
0.6825, 662
0.6835, 678
0.6845, 633
0.6855, 676
0.6865, 654
0.6875, 655
0.6885, 586
0.6895, 634
0.6905, 645
0.6915, 574
0.6925, 658
0.6935, 636
0.6945, 586
0.6955, 579
0.6965, 619
0.6975, 679
0.6985, 575
0.6995, 630
0.7005, 612
0.7015, 624
0.7025, 616
0.7035, 670
0.7045, 602
0.7055, 632
0.7065, 644
0.7075, 566
0.7085, 614
0.7095, 630
0.7105, 630
0.7115, 573
0.7125, 611
0.7135, 616
0.7145, 624
0.7155, 619
0.7165, 636
0.7175, 645
0.7185, 636
0.7195, 600
0.7205, 674
0.7215, 623
0.7225, 641
0.7235, 657
0.7245, 617
0.7255, 649
0.7265, 628
0.7275, 679
0.7285, 599
0.7295, 625
0.7305, 627
0.7315, 601
0.7325, 622
0.7335, 652
0.7345, 623
0.7355, 624
0.7365, 588
0.7375, 588
0.7385, 579
0.7395, 624
0.7405, 609
0.7415, 649
0.7425, 635
0.7435, 610
0.7445, 660
0.7455, 628
0.7465, 678
0.7475, 630
0.7485, 635
0.7495, 637
0.7505, 635
0.7515, 662
0.7525, 634
0.7535, 599
0.7545, 607
0.7555, 588
0.7565, 652
0.7575, 644
0.7585, 608
0.7595, 638
0.7605, 677
0.7615, 614
0.7625, 623
0.7635, 948
0.7645, 624
0.7655, 649
0.7665, 632
0.7675, 670
0.7685, 589
0.7695, 632
0.7705, 638
0.7715, 626
0.7725, 638
0.7735, 637
0.7745, 701
0.7755, 630
0.7765, 593
0.7775, 644
0.7785, 612
0.7795, 686
0.7805, 660
0.7815, 639
0.7825, 647
0.7835, 591
0.7845, 612
0.7855, 635
0.7865, 656
0.7875, 659
0.7885, 629
0.7895, 632
0.7905, 646
0.7915, 609
0.7925, 630
0.7935, 639
0.7945, 643
0.7955, 621
0.7965, 603
0.7975, 635
0.7985, 671
0.7995, 643
0.8005, 646
0.8015, 642
0.8025, 679
0.8035, 645
0.8045, 642
0.8055, 625
0.8065, 600
0.8075, 642
0.8085, 667
0.8095, 611
0.8105, 623
0.8115, 626
0.8125, 660
0.8135, 652
0.8145, 656
0.8155, 654
0.8165, 642
0.8175, 601
0.8185, 632
0.8195, 655
0.8205, 632
0.8215, 604
0.8225, 641
0.8235, 680
0.8245, 659
0.8255, 618
0.8265, 639
0.8275, 609
0.8285, 658
0.8295, 641
0.8305, 636
0.8315, 697
0.8325, 668
0.8335, 649
0.8345, 613
0.8355, 666
0.8365, 640
0.8375, 651
0.8385, 663
0.8395, 614
0.8405, 671
0.8415, 641
0.8425, 607
0.8435, 675
0.8445, 690
0.8455, 633
0.8465, 663
0.8475, 649
0.8485, 683
0.8495, 635
0.8505, 645
0.8515, 615
0.8525, 643
0.8535, 656
0.8545, 624
0.8555, 693
0.8565, 650
0.8575, 682
0.8585, 639
0.8595, 698
0.8605, 655
0.8615, 691
0.8625, 619
0.8635, 582
0.8645, 650
0.8655, 709
0.8665, 670
0.8675, 652
0.8685, 645
0.8695, 634
0.8705, 692
0.8715, 669
0.8725, 680
0.8735, 664
0.8745, 596
0.8755, 663
0.8765, 686
0.8775, 704
0.8785, 626
0.8795, 667
0.8805, 624
0.8815, 669
0.8825, 626
0.8835, 687
0.8845, 692
0.8855, 661
0.8865, 705
0.8875, 646
0.8885, 674
0.8895, 643
0.8905, 652
0.8915, 666
0.8925, 666
0.8935, 719
0.8945, 735
0.8955, 661
0.8965, 649
0.8975, 697
0.8985, 700
0.8995, 613
0.9005, 704
0.9015, 726
0.9025, 754
0.9035, 684
0.9045, 695
0.9055, 698
0.9065, 720
0.9075, 679
0.9085, 695
0.9095, 659
0.9105, 713
0.9115, 726
0.9125, 668
0.9135, 707
0.9145, 691
0.9155, 701
0.9165, 711
0.9175, 722
0.9185, 688
0.9195, 750
0.9205, 747
0.9215, 758
0.9225, 721
0.9235, 751
0.9245, 709
0.9255, 701
0.9265, 733
0.9275, 699
0.9285, 711
0.9295, 688
0.9305, 721
0.9315, 753
0.9325, 712
0.9335, 732
0.9345, 703
0.9355, 757
0.9365, 757
0.9375, 773
0.9385, 773
0.9395, 776
0.9405, 758
0.9415, 742
0.9425, 762
0.9435, 727
0.9445, 744
0.9455, 761
0.9465, 788
0.9475, 726
0.9485, 754
0.9495, 837
0.9505, 766
0.9515, 782
0.9525, 782
0.9535, 798
0.9545, 813
0.9555, 723
0.9565, 791
0.9575, 758
0.9585, 806
0.9595, 810
0.9605, 823
0.9615, 800
0.9625, 860
0.9635, 833
0.9645, 813
0.9655, 824
0.9665, 880
0.9675, 835
0.9685, 825
0.9695, 815
0.9705, 833
0.9715, 876
0.9725, 853
0.9735, 805
0.9745, 859
0.9755, 845
0.9765, 859
0.9775, 930
0.9785, 907
0.9795, 870
0.9805, 925
0.9815, 954
0.9825, 900
0.9835, 937
0.9845, 964
0.9855, 930
0.9865, 1007
0.9875, 923
0.9885, 971
0.9895, 1004
0.9905, 948
0.9915, 970
0.9925, 962
0.9935, 933
0.9945, 1000
0.9955, 963
0.9965, 972
0.9975, 941
0.9985, 988
0.9995, 985
1.0005, 1015
1.0015, 1020
1.0025, 979
1.0035, 1019
1.0045, 1047
1.0055, 1030
1.0065, 1007
1.0075, 1015
1.0085, 1044
1.0095, 999
1.0105, 1064
1.0115, 1139
1.0125, 1100
1.0135, 1105
1.0145, 1101
1.0155, 1124
1.0165, 1081
1.0175, 1109
1.0185, 1087
1.0195, 1147
1.0205, 1143
1.0215, 1173
1.0225, 1239
1.0235, 1183
1.0245, 1170
1.0255, 1159
1.0265, 1173
1.0275, 1168
1.0285, 1164
1.0295, 1224
1.0305, 1246
1.0315, 1292
1.0325, 1281
1.0335, 1314
1.0345, 1264
1.0355, 1258
1.0365, 1251
1.0375, 1322
1.0385, 1312
1.0395, 1322
1.0405, 1330
1.0415, 1295
1.0425, 1311
1.0435, 1350
1.0445, 1352
1.0455, 1330
1.0465, 1399
1.0475, 1418
1.0485, 1366
1.0495, 1453
1.0505, 1399
1.0515, 1446
1.0525, 1448
1.0535, 1471
1.0545, 1474
1.0555, 1487
1.0565, 1448
1.0575, 1503
1.0585, 1500
1.0595, 1517
1.0605, 1570
1.0615, 1307
1.0625, 683
1.0635, 701
1.0645, 656
1.0655, 756
1.0665, 680
1.0675, 687
1.0685, 684
1.0695, 638
1.0705, 599
1.0715, 610
1.0725, 669
1.0735, 641
1.0745, 608
1.0755, 598
1.0765, 616
1.0775, 631
1.0785, 599
1.0795, 636
1.0805, 627
1.0815, 637
1.0825, 606
1.0835, 576
1.0845, 598
1.0855, 619
1.0865, 613
1.0875, 564
1.0885, 626
1.0895, 575
1.0905, 559
1.0915, 615
1.0925, 604
1.0935, 588
1.0945, 544
1.0955, 532
1.0965, 561
1.0975, 561
1.0985, 520
1.0995, 528
1.1005, 507
1.1015, 507
1.1025, 489
1.1035, 519
1.1045, 488
1.1055, 498
1.1065, 514
1.1075, 514
1.1085, 486
1.1095, 480
1.1105, 503
1.1115, 486
1.1125, 535
1.1135, 495
1.1145, 488
1.1155, 465
1.1165, 460
1.1175, 424
1.1185, 460
1.1195, 452
1.1205, 421
1.1215, 431
1.1225, 399
1.1235, 395
1.1245, 372
1.1255, 406
1.1265, 414
1.1275, 379
1.1285, 378
1.1295, 410
1.1305, 371
1.1315, 356
1.1325, 350
1.1335, 348
1.1345, 344
1.1355, 343
1.1365, 305
1.1375, 329
1.1385, 296
1.1395, 332
1.1405, 288
1.1415, 290
1.1425, 327
1.1435, 281
1.1445, 300
1.1455, 262
1.1465, 260
1.1475, 243
1.1485, 238
1.1495, 225
1.1505, 262
1.1515, 248
1.1525, 238
1.1535, 240
1.1545, 206
1.1555, 218
1.1565, 212
1.1575, 198
1.1585, 180
1.1595, 163
1.1605, 173
1.1615, 188
1.1625, 177
1.1635, 141
1.1645, 139
1.1655, 157
1.1665, 159
1.1675, 144
1.1685, 104
1.1695, 133
1.1705, 134
1.1715, 111
1.1725, 107
1.1735, 98
1.1745, 99
1.1755, 95
1.1765, 121
1.1775, 91
1.1785, 78
1.1795, 85
1.1805, 89
1.1815, 81
1.1825, 103
1.1835, 77
1.1845, 80
1.1855, 78
1.1865, 79
1.1875, 74
1.1885, 72
1.1895, 57
1.1905, 64
1.1915, 64
1.1925, 54
1.1935, 56
1.1945, 52
1.1955, 49
1.1965, 55
1.1975, 58
1.1985, 56
1.1995, 62
1.2005, 45
1.2015, 40
1.2025, 39
1.2035, 42
1.2045, 37
1.2055, 38
1.2065, 29
1.2075, 33
1.2085, 30
1.2095, 50
1.2105, 44
1.2115, 28
1.2125, 28
1.2135, 38
1.2145, 23
1.2155, 33
1.2165, 30
1.2175, 35
1.2185, 29
1.2195, 31
1.2205, 32
1.2215, 32
1.2225, 36
1.2235, 28
1.2245, 21
1.2255, 29
1.2265, 32
1.2275, 18
1.2285, 30
1.2295, 25
1.2305, 34
1.2315, 35
1.2325, 22
1.2335, 16
1.2345, 29
1.2355, 24
1.2365, 19
1.2375, 22
1.2385, 26
1.2395, 24
1.2405, 16
1.2415, 23
1.2425, 30
1.2435, 27
1.2445, 22
1.2455, 26
1.2465, 21
1.2475, 22
1.2485, 21
1.2495, 14
1.2505, 15
1.2515, 20
1.2525, 15
1.2535, 18
1.2545, 16
1.2555, 23
1.2565, 16
1.2575, 9
1.2585, 18
1.2595, 24
1.2605, 22
1.2615, 14
1.2625, 15
1.2635, 25
1.2645, 38
1.2655, 10
1.2665, 16
1.2675, 16
1.2685, 23
1.2695, 19
1.2705, 16
1.2715, 11
1.2725, 22
1.2735, 14
1.2745, 93970
1.2755, 12
1.2765, 24
1.2775, 18
1.2785, 12
1.2795, 17
1.2805, 12
1.2815, 16
1.2825, 12
1.2835, 21
1.2845, 16
1.2855, 13
1.2865, 19
1.2875, 11
1.2885, 15
1.2895, 14
1.2905, 15
1.2915, 15
1.2925, 16
1.2935, 18
1.2945, 15
1.2955, 13
1.2965, 11
1.2975, 12
1.2985, 10
1.2995, 15
1.3005, 14
1.3015, 20
1.3025, 16
1.3035, 16
1.3045, 18
1.3055, 13
1.3065, 14
1.3075, 13
1.3085, 10
1.3095, 12
1.3105, 11
1.3115, 16
1.3125, 14
1.3135, 13
1.3145, 12
1.3155, 16
1.3165, 14
1.3175, 17
1.3185, 17
1.3195, 11
1.3205, 19
1.3215, 10
1.3225, 16
1.3235, 16
1.3245, 19
1.3255, 21
1.3265, 16
1.3275, 13
1.3285, 13
1.3295, 14
1.3305, 21
1.3315, 11
1.3325, 25
1.3335, 17
1.3345, 38
1.3355, 20
1.3365, 12
1.3375, 21
1.3385, 18
1.3395, 16
1.3405, 11
1.3415, 24
1.3425, 8
1.3435, 18
1.3445, 10
1.3455, 11
1.3465, 22
1.3475, 12
1.3485, 22
1.3495, 14
1.3505, 11
1.3515, 13
1.3525, 8
1.3535, 19
1.3545, 18
1.3555, 17
1.3565, 19
1.3575, 12
1.3585, 14
1.3595, 8
1.3605, 7
1.3615, 12
1.3625, 14
1.3635, 13
1.3645, 10
1.3655, 17
1.3665, 14
1.3675, 9
1.3685, 12
1.3695, 21
1.3705, 15
1.3715, 10
1.3725, 17
1.3735, 14
1.3745, 15
1.3755, 12
1.3765, 10
1.3775, 12
1.3785, 11
1.3795, 8
1.3805, 7
1.3815, 12
1.3825, 8
1.3835, 12
1.3845, 14
1.3855, 20
1.3865, 14
1.3875, 14
1.3885, 12
1.3895, 11
1.3905, 12
1.3915, 10
1.3925, 14
1.3935, 13
1.3945, 14
1.3955, 15
1.3965, 12
1.3975, 9
1.3985, 5
1.3995, 9
1.4005, 10
1.4015, 9
1.4025, 8
1.4035, 9
1.4045, 15
1.4055, 13
1.4065, 10
1.4075, 6
1.4085, 12
1.4095, 14
1.4105, 14
1.4115, 17
1.4125, 13
1.4135, 12
1.4145, 10
1.4155, 11
1.4165, 9
1.4175, 14
1.4185, 10
1.4195, 8
1.4205, 8
1.4215, 12
1.4225, 14
1.4235, 13
1.4245, 9
1.4255, 7
1.4265, 11
1.4275, 12
1.4285, 8
1.4295, 12
1.4305, 13
1.4315, 14
1.4325, 9
1.4335, 13
1.4345, 8
1.4355, 5
1.4365, 7
1.4375, 5
1.4385, 10
1.4395, 10
1.4405, 8
1.4415, 17
1.4425, 9
1.4435, 11
1.4445, 8
1.4455, 8
1.4465, 8
1.4475, 8
1.4485, 4
1.4495, 11
1.4505, 14
1.4515, 10
1.4525, 7
1.4535, 9
1.4545, 9
1.4555, 5
1.4565, 11
1.4575, 7
1.4585, 3
1.4595, 7
1.4605, 10
1.4615, 7
1.4625, 9
1.4635, 11
1.4645, 9
1.4655, 11
1.4665, 6
1.4675, 13
1.4685, 12
1.4695, 11
1.4705, 10
1.4715, 8
1.4725, 17
1.4735, 11
1.4745, 8
1.4755, 8
1.4765, 6
1.4775, 6
1.4785, 16
1.4795, 13
1.4805, 14
1.4815, 16
1.4825, 4
1.4835, 9
1.4845, 8
1.4855, 6
1.4865, 10
1.4875, 7
1.4885, 7
1.4895, 8
1.4905, 7
1.4915, 10
1.4925, 5
1.4935, 5
1.4945, 10
1.4955, 18
1.4965, 14
1.4975, 7
1.4985, 7
1.4995, 14
1.5005, 5
1.5015, 13
1.5025, 11
1.5035, 7
1.5045, 6
1.5055, 9
1.5065, 11
1.5075, 7
1.5085, 10
1.5095, 6
1.5105, 5
1.5115, 13
1.5125, 7
1.5135, 11
1.5145, 8
1.5155, 7
1.5165, 9
1.5175, 8
1.5185, 13
1.5195, 14
1.5205, 11
1.5215, 11
1.5225, 8
1.5235, 8
1.5245, 11
1.5255, 10
1.5265, 11
1.5275, 8
1.5285, 15
1.5295, 15
1.5305, 5
1.5315, 5
1.5325, 11
1.5335, 4
1.5345, 7
1.5355, 13
1.5365, 8
1.5375, 10
1.5385, 9
1.5395, 12
1.5405, 7
1.5415, 8
1.5425, 12
1.5435, 13
1.5445, 11
1.5455, 12
1.5465, 9
1.5475, 5
1.5485, 16
1.5495, 11
1.5505, 11
1.5515, 9
1.5525, 8
1.5535, 12
1.5545, 10
1.5555, 9
1.5565, 14
1.5575, 14
1.5585, 8
1.5595, 11
1.5605, 8
1.5615, 13
1.5625, 6
1.5635, 6
1.5645, 12
1.5655, 15
1.5665, 8
1.5675, 9
1.5685, 11
1.5695, 13
1.5705, 14
1.5715, 11
1.5725, 16
1.5735, 7
1.5745, 10
1.5755, 7
1.5765, 7
1.5775, 4
1.5785, 7
1.5795, 10
1.5805, 8
1.5815, 7
1.5825, 9
1.5835, 5
1.5845, 6
1.5855, 3
1.5865, 8
1.5875, 7
1.5885, 14
1.5895, 11
1.5905, 10
1.5915, 1
1.5925, 8
1.5935, 8
1.5945, 10
1.5955, 5
1.5965, 13
1.5975, 12
1.5985, 8
1.5995, 8
1.6005, 5
1.6015, 14
1.6025, 8
1.6035, 9
1.6045, 6
1.6055, 8
1.6065, 4
1.6075, 12
1.6085, 6
1.6095, 4
1.6105, 9
1.6115, 4
1.6125, 12
1.6135, 10
1.6145, 10
1.6155, 5
1.6165, 6
1.6175, 9
1.6185, 2
1.6195, 6
1.6205, 5
1.6215, 5
1.6225, 8
1.6235, 4
1.6245, 2
1.6255, 7
1.6265, 5
1.6275, 3
1.6285, 3
1.6295, 4
1.6305, 1
1.6315, 5
1.6325, 4
1.6335, 3
1.6345, 6
1.6355, 0
1.6365, 6
1.6375, 4
1.6385, 6
1.6395, 5
1.6405, 5
1.6415, 5
1.6425, 9
1.6435, 3
1.6445, 5
1.6455, 2
1.6465, 4
1.6475, 2
1.6485, 2
1.6495, 4
1.6505, 0
1.6515, 3
1.6525, 3
1.6535, 0
1.6545, 7
1.6555, 3
1.6565, 1
1.6575, 2
1.6585, 0
1.6595, 4
1.6605, 4
1.6615, 5
1.6625, 4
1.6635, 2
1.6645, 3
1.6655, 3
1.6665, 1
1.6675, 1
1.6685, 1
1.6695, 1
1.6705, 1
1.6715, 5
1.6725, 1
1.6735, 3
1.6745, 3
1.6755, 3
1.6765, 1
1.6775, 2
1.6785, 2
1.6795, 2
1.6805, 2
1.6815, 2
1.6825, 1
1.6835, 0
1.6845, 2
1.6855, 2
1.6865, 1
1.6875, 2
1.6885, 0
1.6895, 0
1.6905, 1
1.6915, 0
1.6925, 0
1.6935, 1
1.6945, 2
1.6955, 1
1.6965, 1
1.6975, 1
1.6985, 3
1.6995, 0
1.7005, 1
1.7015, 4
1.7025, 2
1.7035, 1
1.7045, 3
1.7055, 0
1.7065, 0
1.7075, 0
1.7085, 3
1.7095, 0
1.7105, 0
1.7115, 0
1.7125, 0
1.7135, 0
1.7145, 1
1.7155, 0
1.7165, 1
1.7175, 0
1.7185, 0
1.7195, 1
1.7205, 1
1.7215, 2
1.7225, 0
1.7235, 1
1.7245, 0
1.7255, 0
1.7265, 0
1.7275, 0
1.7285, 2
1.7295, 0
1.7305, 0
1.7315, 0
1.7325, 1
1.7335, 0
1.7345, 1
1.7355, 2
1.7365, 1
1.7375, 0
1.7385, 0
1.7395, 0
1.7405, 1
1.7415, 0
1.7425, 1
1.7435, 1
1.7445, 0
1.7455, 1
1.7465, 1
1.7475, 1
1.7485, 0
1.7495, 1
1.7505, 0
1.7515, 1
1.7525, 2
1.7535, 0
1.7545, 0
1.7555, 0
1.7565, 2
1.7575, 0
1.7585, 1
1.7595, 2
1.7605, 0
1.7615, 1
1.7625, 1
1.7635, 1
1.7645, 1
1.7655, 0
1.7665, 0
1.7675, 0
1.7685, 1
1.7695, 0
1.7705, 0
1.7715, 0
1.7725, 0
1.7735, 0
1.7745, 0
1.7755, 0
1.7765, 0
1.7775, 1
1.7785, 1
1.7795, 0
1.7805, 0
1.7815, 0
1.7825, 0
1.7835, 0
1.7845, 0
1.7855, 479
1.7865, 0
1.7875, 0
1.7885, 0
1.7895, 0
1.7905, 0
1.7915, 0
1.7925, 0
1.7935, 0
1.7945, 0
1.7955, 0
1.7965, 0
1.7975, 0
1.7985, 0
1.7995, 0
1.8005, 0
1.8015, 0
1.8025, 0
1.8035, 0
1.8045, 0
1.8055, 0
1.8065, 0
1.8075, 0
1.8085, 0
1.8095, 0
1.8105, 0
1.8115, 0
1.8125, 0
1.8135, 0
1.8145, 0
1.8155, 0
1.8165, 0
1.8175, 0
1.8185, 0
1.8195, 0
1.8205, 0
1.8215, 0
1.8225, 0
1.8235, 0
1.8245, 0
1.8255, 0
1.8265, 0
1.8275, 0
1.8285, 0
1.8295, 0
1.8305, 0
1.8315, 0
1.8325, 0
1.8335, 0
1.8345, 0
1.8355, 0
1.8365, 0
1.8375, 0
1.8385, 0
1.8395, 0
1.8405, 0
1.8415, 0
1.8425, 1
1.8435, 0
1.8445, 0
1.8455, 0
1.8465, 0
1.8475, 0
1.8485, 0
1.8495, 0
1.8505, 0
1.8515, 0
1.8525, 0
1.8535, 0
1.8545, 0
1.8555, 0
1.8565, 0
1.8575, 0
1.8585, 0
1.8595, 0
1.8605, 0
1.8615, 0
1.8625, 0
1.8635, 0
1.8645, 0
1.8655, 0
1.8665, 0
1.8675, 0
1.8685, 0
1.8695, 0
1.8705, 0
1.8715, 0
1.8725, 0
1.8735, 0
1.8745, 0
1.8755, 0
1.8765, 0
1.8775, 0
1.8785, 0
1.8795, 0
1.8805, 0
1.8815, 0
1.8825, 0
1.8835, 0
1.8845, 0
1.8855, 0
1.8865, 0
1.8875, 0
1.8885, 0
1.8895, 0
1.8905, 0
1.8915, 0
1.8925, 0
1.8935, 0
1.8945, 0
1.8955, 0
1.8965, 0
1.8975, 0
1.8985, 0
1.8995, 0
1.9005, 0
1.9015, 0
1.9025, 0
1.9035, 0
1.9045, 0
1.9055, 0
1.9065, 0
1.9075, 0
1.9085, 0
1.9095, 0
1.9105, 0
1.9115, 0
1.9125, 0
1.9135, 0
1.9145, 0
1.9155, 0
1.9165, 0
1.9175, 0
1.9185, 0
1.9195, 0
1.9205, 0
1.9215, 0
1.9225, 0
1.9235, 0
1.9245, 0
1.9255, 0
1.9265, 0
1.9275, 1
1.9285, 0
1.9295, 0
1.9305, 0
1.9315, 0
1.9325, 0
1.9335, 0
1.9345, 0
1.9355, 0
1.9365, 0
1.9375, 0
1.9385, 0
1.9395, 0
1.9405, 0
1.9415, 0
1.9425, 0
1.9435, 1
1.9445, 0
1.9455, 0
1.9465, 0
1.9475, 0
1.9485, 0
1.9495, 0
1.9505, 0
1.9515, 0
1.9525, 0
1.9535, 0
1.9545, 0
1.9555, 0
1.9565, 0
1.9575, 0
1.9585, 0
1.9595, 0
1.9605, 0
1.9615, 0
1.9625, 0
1.9635, 0
1.9645, 0
1.9655, 0
1.9665, 0
1.9675, 0
1.9685, 0
1.9695, 0
1.9705, 0
1.9715, 0
1.9725, 0
1.9735, 0
1.9745, 0
1.9755, 0
1.9765, 0
1.9775, 0
1.9785, 0
1.9795, 0
1.9805, 0
1.9815, 0
1.9825, 0
1.9835, 0
1.9845, 0
1.9855, 0
1.9865, 0
1.9875, 0
1.9885, 0
1.9895, 0
1.9905, 0
1.9915, 0
1.9925, 0
1.9935, 0
1.9945, 0
1.9955, 0
1.9965, 0
1.9975, 0
1.9985, 0
1.9995, 0
2.0005, 0
2.0015, 0
2.0025, 0
2.0035, 0
2.0045, 0
2.0055, 0
2.0065, 0
2.0075, 0
2.0085, 0
2.0095, 0
2.0105, 0
2.0115, 0
2.0125, 0
2.0135, 0
2.0145, 0
2.0155, 0
2.0165, 0
2.0175, 0
2.0185, 0
2.0195, 0
2.0205, 0
2.0215, 0
2.0225, 0
2.0235, 0
2.0245, 0
2.0255, 0
2.0265, 0
2.0275, 0
2.0285, 0
2.0295, 0
2.0305, 0
2.0315, 0
2.0325, 0
2.0335, 0
2.0345, 0
2.0355, 0
2.0365, 0
2.0375, 0
2.0385, 0
2.0395, 0
2.0405, 0
2.0415, 0
2.0425, 0
2.0435, 0
2.0445, 0
2.0455, 0
2.0465, 0
2.0475, 0
2.0485, 0
2.0495, 0
2.0505, 0
2.0515, 0
2.0525, 0
2.0535, 0
2.0545, 0
2.0555, 0
2.0565, 0
2.0575, 0
2.0585, 0
2.0595, 0
2.0605, 0
2.0615, 0
2.0625, 0
2.0635, 0
2.0645, 0
2.0655, 0
2.0665, 0
2.0675, 0
2.0685, 0
2.0695, 0
2.0705, 0
2.0715, 0
2.0725, 0
2.0735, 0
2.0745, 0
2.0755, 0
2.0765, 0
2.0775, 0
2.0785, 0
2.0795, 0
2.0805, 0
2.0815, 0
2.0825, 0
2.0835, 0
2.0845, 0
2.0855, 0
2.0865, 0
2.0875, 0
2.0885, 0
2.0895, 0
2.0905, 0
2.0915, 0
2.0925, 0
2.0935, 0
2.0945, 0
2.0955, 0
2.0965, 0
2.0975, 0
2.0985, 0
2.0995, 0
2.1005, 0
2.1015, 0
2.1025, 0
2.1035, 0
2.1045, 0
2.1055, 0
2.1065, 0
2.1075, 0
2.1085, 0
2.1095, 0
2.1105, 0
2.1115, 0
2.1125, 0
2.1135, 0
2.1145, 0
2.1155, 0
2.1165, 0
2.1175, 0
2.1185, 0
2.1195, 0
2.1205, 0
2.1215, 0
2.1225, 0
2.1235, 0
2.1245, 0
2.1255, 0
2.1265, 0
2.1275, 0
2.1285, 0
2.1295, 0
2.1305, 0
2.1315, 0
2.1325, 0
2.1335, 0
2.1345, 0
2.1355, 0
2.1365, 0
2.1375, 0
2.1385, 0
2.1395, 0
2.1405, 0
2.1415, 0
2.1425, 0
2.1435, 0
2.1445, 0
2.1455, 0
2.1465, 0
2.1475, 0
2.1485, 0
2.1495, 0
2.1505, 0
2.1515, 0
2.1525, 0
2.1535, 0
2.1545, 0
2.1555, 0
2.1565, 0
2.1575, 0
2.1585, 0
2.1595, 0
2.1605, 0
2.1615, 0
2.1625, 0
2.1635, 0
2.1645, 0
2.1655, 0
2.1665, 0
2.1675, 0
2.1685, 0
2.1695, 0
2.1705, 0
2.1715, 0
2.1725, 0
2.1735, 0
2.1745, 0
2.1755, 0
2.1765, 0
2.1775, 0
2.1785, 0
2.1795, 0
2.1805, 0
2.1815, 0
2.1825, 0
2.1835, 0
2.1845, 0
2.1855, 0
2.1865, 0
2.1875, 0
2.1885, 0
2.1895, 0
2.1905, 0
2.1915, 0
2.1925, 0
2.1935, 0
2.1945, 0
2.1955, 0
2.1965, 0
2.1975, 0
2.1985, 0
2.1995, 0
2.2005, 0
2.2015, 0
2.2025, 0
2.2035, 0
2.2045, 0
2.2055, 0
2.2065, 0
2.2075, 0
2.2085, 1
2.2095, 0
2.2105, 0
2.2115, 0
2.2125, 0
2.2135, 0
2.2145, 0
2.2155, 0
2.2165, 0
2.2175, 0
2.2185, 0
2.2195, 0
2.2205, 0
2.2215, 0
2.2225, 0
2.2235, 0
2.2245, 0
2.2255, 0
2.2265, 0
2.2275, 0
2.2285, 0
2.2295, 0
2.2305, 0
2.2315, 0
2.2325, 0
2.2335, 0
2.2345, 0
2.2355, 0
2.2365, 0
2.2375, 0
2.2385, 0
2.2395, 0
2.2405, 0
2.2415, 0
2.2425, 0
2.2435, 0
2.2445, 0
2.2455, 0
2.2465, 0
2.2475, 0
2.2485, 0
2.2495, 0
2.2505, 0
2.2515, 0
2.2525, 0
2.2535, 0
2.2545, 0
2.2555, 0
2.2565, 0
2.2575, 0
2.2585, 0
2.2595, 0
2.2605, 0
2.2615, 0
2.2625, 0
2.2635, 0
2.2645, 0
2.2655, 0
2.2665, 0
2.2675, 0
2.2685, 0
2.2695, 0
2.2705, 0
2.2715, 0
2.2725, 0
2.2735, 0
2.2745, 0
2.2755, 0
2.2765, 0
2.2775, 0
2.2785, 0
2.2795, 0
2.2805, 0
2.2815, 0
2.2825, 0
2.2835, 0
2.2845, 0
2.2855, 0
2.2865, 0
2.2875, 0
2.2885, 0
2.2895, 0
2.2905, 0
2.2915, 0
2.2925, 0
2.2935, 0
2.2945, 0
2.2955, 0
2.2965, 0
2.2975, 0
2.2985, 0
2.2995, 0
2.3005, 0
2.3015, 0
2.3025, 0
2.3035, 0
2.3045, 0
2.3055, 0
2.3065, 0
2.3075, 0
2.3085, 0
2.3095, 0
2.3105, 0
2.3115, 0
2.3125, 0
2.3135, 0
2.3145, 0
2.3155, 0
2.3165, 0
2.3175, 0
2.3185, 0
2.3195, 0
2.3205, 0
2.3215, 0
2.3225, 0
2.3235, 0
2.3245, 0
2.3255, 0
2.3265, 0
2.3275, 0
2.3285, 0
2.3295, 0
2.3305, 0
2.3315, 0
2.3325, 0
2.3335, 0
2.3345, 0
2.3355, 0
2.3365, 0
2.3375, 0
2.3385, 0
2.3395, 0
2.3405, 0
2.3415, 0
2.3425, 0
2.3435, 0
2.3445, 0
2.3455, 0
2.3465, 0
2.3475, 0
2.3485, 0
2.3495, 0
2.3505, 0
2.3515, 0
2.3525, 0
2.3535, 0
2.3545, 0
2.3555, 0
2.3565, 0
2.3575, 0
2.3585, 0
2.3595, 0
2.3605, 0
2.3615, 0
2.3625, 0
2.3635, 0
2.3645, 0
2.3655, 0
2.3665, 0
2.3675, 0
2.3685, 0
2.3695, 0
2.3705, 0
2.3715, 0
2.3725, 0
2.3735, 0
2.3745, 0
2.3755, 0
2.3765, 0
2.3775, 0
2.3785, 0
2.3795, 0
2.3805, 0
2.3815, 0
2.3825, 0
2.3835, 0
2.3845, 0
2.3855, 0
2.3865, 0
2.3875, 0
2.3885, 0
2.3895, 0
2.3905, 0
2.3915, 0
2.3925, 0
2.3935, 0
2.3945, 0
2.3955, 0
2.3965, 0
2.3975, 0
2.3985, 0
2.3995, 0
2.4005, 0
2.4015, 0
2.4025, 0
2.4035, 0
2.4045, 0
2.4055, 0
2.4065, 0
2.4075, 0
2.4085, 0
2.4095, 0
2.4105, 0
2.4115, 0
2.4125, 0
2.4135, 0
2.4145, 0
2.4155, 0
2.4165, 0
2.4175, 0
2.4185, 0
2.4195, 0
2.4205, 0
2.4215, 0
2.4225, 0
2.4235, 0
2.4245, 0
2.4255, 0
2.4265, 0
2.4275, 0
2.4285, 0
2.4295, 0
2.4305, 0
2.4315, 0
2.4325, 0
2.4335, 0
2.4345, 0
2.4355, 0
2.4365, 0
2.4375, 0
2.4385, 0
2.4395, 0
2.4405, 0
2.4415, 0
2.4425, 0
2.4435, 0
2.4445, 0
2.4455, 0
2.4465, 0
2.4475, 0
2.4485, 0
2.4495, 0
2.4505, 0
2.4515, 0
2.4525, 0
2.4535, 0
2.4545, 0
2.4555, 0
2.4565, 0
2.4575, 0
2.4585, 0
2.4595, 0
2.4605, 0
2.4615, 0
2.4625, 0
2.4635, 0
2.4645, 0
2.4655, 0
2.4665, 0
2.4675, 0
2.4685, 0
2.4695, 0
2.4705, 0
2.4715, 0
2.4725, 0
2.4735, 0
2.4745, 0
2.4755, 0
2.4765, 0
2.4775, 0
2.4785, 0
2.4795, 0
2.4805, 0
2.4815, 0
2.4825, 0
2.4835, 0
2.4845, 0
2.4855, 0
2.4865, 0
2.4875, 0
2.4885, 0
2.4895, 0
2.4905, 0
2.4915, 0
2.4925, 0
2.4935, 0
2.4945, 0
2.4955, 0
2.4965, 0
2.4975, 0
2.4985, 0
2.4995, 0
2.5005, 0
2.5015, 0
2.5025, 0
2.5035, 0
2.5045, 0
2.5055, 0
2.5065, 0
2.5075, 0
2.5085, 0
2.5095, 0
2.5105, 0
2.5115, 0
2.5125, 0
2.5135, 0
2.5145, 0
2.5155, 0
2.5165, 0
2.5175, 0
2.5185, 0
2.5195, 0
2.5205, 0
2.5215, 0
2.5225, 0
2.5235, 0
2.5245, 0
2.5255, 0
2.5265, 0
2.5275, 0
2.5285, 0
2.5295, 0
2.5305, 0
2.5315, 0
2.5325, 0
2.5335, 0
2.5345, 0
2.5355, 0
2.5365, 0
2.5375, 0
2.5385, 0
2.5395, 0
2.5405, 0
2.5415, 0
2.5425, 0
2.5435, 0
2.5445, 0
2.5455, 0
2.5465, 0
2.5475, 0
2.5485, 0
2.5495, 0
2.5505, 0
2.5515, 0
2.5525, 0
2.5535, 0
2.5545, 0
2.5555, 0
2.5565, 0
2.5575, 0
2.5585, 0
2.5595, 0
2.5605, 0
2.5615, 0
2.5625, 0
2.5635, 0
2.5645, 0
2.5655, 0
2.5665, 0
2.5675, 0
2.5685, 0
2.5695, 0
2.5705, 0
2.5715, 0
2.5725, 0
2.5735, 0
2.5745, 0
2.5755, 0
2.5765, 0
2.5775, 0
2.5785, 0
2.5795, 0
2.5805, 0
2.5815, 0
2.5825, 0
2.5835, 0
2.5845, 0
2.5855, 0
2.5865, 0
2.5875, 0
2.5885, 0
2.5895, 0
2.5905, 0
2.5915, 0
2.5925, 0
2.5935, 0
2.5945, 0
2.5955, 0
2.5965, 0
2.5975, 0
2.5985, 0
2.5995, 0
2.6005, 0
2.6015, 0
2.6025, 0
2.6035, 0
2.6045, 0
2.6055, 0
2.6065, 0
2.6075, 0
2.6085, 0
2.6095, 0
2.6105, 0
2.6115, 0
2.6125, 0
2.6135, 0
2.6145, 0
2.6155, 0
2.6165, 0
2.6175, 0
2.6185, 0
2.6195, 0
2.6205, 0
2.6215, 0
2.6225, 0
2.6235, 0
2.6245, 0
2.6255, 0
2.6265, 0
2.6275, 0
2.6285, 0
2.6295, 0
2.6305, 0
2.6315, 0
2.6325, 0
2.6335, 0
2.6345, 0
2.6355, 0
2.6365, 0
2.6375, 0
2.6385, 0
2.6395, 0
2.6405, 0
2.6415, 0
2.6425, 0
2.6435, 0
2.6445, 0
2.6455, 0
2.6465, 0
2.6475, 0
2.6485, 0
2.6495, 0
2.6505, 0
2.6515, 0
2.6525, 0
2.6535, 0
2.6545, 0
2.6555, 0
2.6565, 0
2.6575, 0
2.6585, 0
2.6595, 0
2.6605, 0
2.6615, 0
2.6625, 0
2.6635, 0
2.6645, 0
2.6655, 0
2.6665, 0
2.6675, 0
2.6685, 0
2.6695, 0
2.6705, 0
2.6715, 0
2.6725, 0
2.6735, 0
2.6745, 0
2.6755, 0
2.6765, 0
2.6775, 0
2.6785, 0
2.6795, 0
2.6805, 0
2.6815, 0
2.6825, 0
2.6835, 0
2.6845, 0
2.6855, 0
2.6865, 0
2.6875, 0
2.6885, 0
2.6895, 0
2.6905, 0
2.6915, 0
2.6925, 0
2.6935, 0
2.6945, 0
2.6955, 0
2.6965, 0
2.6975, 0
2.6985, 0
2.6995, 0
2.7005, 0
2.7015, 0
2.7025, 0
2.7035, 0
2.7045, 0
2.7055, 0
2.7065, 0
2.7075, 0
2.7085, 0
2.7095, 0
2.7105, 0
2.7115, 0
2.7125, 0
2.7135, 0
2.7145, 0
2.7155, 0
2.7165, 0
2.7175, 0
2.7185, 0
2.7195, 0
2.7205, 0
2.7215, 0
2.7225, 0
2.7235, 0
2.7245, 0
2.7255, 0
2.7265, 0
2.7275, 0
2.7285, 0
2.7295, 0
2.7305, 0
2.7315, 0
2.7325, 0
2.7335, 0
2.7345, 0
2.7355, 0
2.7365, 0
2.7375, 0
2.7385, 0
2.7395, 0
2.7405, 0
2.7415, 0
2.7425, 0
2.7435, 0
2.7445, 0
2.7455, 0
2.7465, 0
2.7475, 0
2.7485, 0
2.7495, 0
2.7505, 0
2.7515, 0
2.7525, 0
2.7535, 0
2.7545, 0
2.7555, 0
2.7565, 0
2.7575, 0
2.7585, 0
2.7595, 0
2.7605, 0
2.7615, 0
2.7625, 0
2.7635, 0
2.7645, 0
2.7655, 0
2.7665, 0
2.7675, 0
2.7685, 0
2.7695, 0
2.7705, 0
2.7715, 0
2.7725, 0
2.7735, 0
2.7745, 0
2.7755, 0
2.7765, 0
2.7775, 0
2.7785, 0
2.7795, 0
2.7805, 0
2.7815, 0
2.7825, 0
2.7835, 0
2.7845, 0
2.7855, 0
2.7865, 0
2.7875, 0
2.7885, 0
2.7895, 0
2.7905, 0
2.7915, 0
2.7925, 0
2.7935, 0
2.7945, 0
2.7955, 0
2.7965, 0
2.7975, 0
2.7985, 0
2.7995, 0
2.8005, 0
2.8015, 0
2.8025, 0
2.8035, 0
2.8045, 0
2.8055, 0
2.8065, 0
2.8075, 0
2.8085, 0
2.8095, 0
2.8105, 0
2.8115, 0
2.8125, 0
2.8135, 0
2.8145, 0
2.8155, 0
2.8165, 0
2.8175, 0
2.8185, 0
2.8195, 0
2.8205, 0
2.8215, 0
2.8225, 0
2.8235, 0
2.8245, 0
2.8255, 0
2.8265, 0
2.8275, 0
2.8285, 0
2.8295, 0
2.8305, 0
2.8315, 0
2.8325, 0
2.8335, 0
2.8345, 0
2.8355, 0
2.8365, 0
2.8375, 0
2.8385, 0
2.8395, 0
2.8405, 0
2.8415, 0
2.8425, 0
2.8435, 0
2.8445, 0
2.8455, 0
2.8465, 0
2.8475, 0
2.8485, 0
2.8495, 0
2.8505, 0
2.8515, 0
2.8525, 0
2.8535, 0
2.8545, 0
2.8555, 0
2.8565, 0
2.8575, 0
2.8585, 0
2.8595, 0
2.8605, 0
2.8615, 0
2.8625, 0
2.8635, 0
2.8645, 0
2.8655, 0
2.8665, 0
2.8675, 0
2.8685, 0
2.8695, 0
2.8705, 0
2.8715, 0
2.8725, 0
2.8735, 0
2.8745, 0
2.8755, 0
2.8765, 0
2.8775, 0
2.8785, 0
2.8795, 0
2.8805, 0
2.8815, 0
2.8825, 0
2.8835, 0
2.8845, 0
2.8855, 0
2.8865, 0
2.8875, 0
2.8885, 0
2.8895, 0
2.8905, 0
2.8915, 0
2.8925, 0
2.8935, 0
2.8945, 0
2.8955, 0
2.8965, 0
2.8975, 0
2.8985, 0
2.8995, 0
2.9005, 0
2.9015, 0
2.9025, 0
2.9035, 0
2.9045, 0
2.9055, 0
2.9065, 0
2.9075, 0
2.9085, 0
2.9095, 0
2.9105, 0
2.9115, 0
2.9125, 0
2.9135, 0
2.9145, 0
2.9155, 0
2.9165, 0
2.9175, 0
2.9185, 0
2.9195, 0
2.9205, 0
2.9215, 0
2.9225, 0
2.9235, 0
2.9245, 0
2.9255, 0
2.9265, 0
2.9275, 0
2.9285, 0
2.9295, 0
2.9305, 0
2.9315, 0
2.9325, 0
2.9335, 0
2.9345, 0
2.9355, 0
2.9365, 0
2.9375, 0
2.9385, 0
2.9395, 0
2.9405, 0
2.9415, 0
2.9425, 0
2.9435, 0
2.9445, 0
2.9455, 0
2.9465, 0
2.9475, 0
2.9485, 0
2.9495, 0
2.9505, 0
2.9515, 0
2.9525, 0
2.9535, 0
2.9545, 0
2.9555, 0
2.9565, 0
2.9575, 0
2.9585, 0
2.9595, 0
2.9605, 0
2.9615, 0
2.9625, 0
2.9635, 0
2.9645, 0
2.9655, 0
2.9665, 0
2.9675, 0
2.9685, 0
2.9695, 0
2.9705, 0
2.9715, 0
2.9725, 0
2.9735, 0
2.9745, 0
2.9755, 0
2.9765, 0
2.9775, 0
2.9785, 0
2.9795, 0
2.9805, 0
2.9815, 0
2.9825, 0
2.9835, 0
2.9845, 0
2.9855, 0
2.9865, 0
2.9875, 0
2.9885, 0
2.9895, 0
2.9905, 0
2.9915, 0
2.9925, 0
2.9935, 0
2.9945, 0
2.9955, 0
2.9965, 0
2.9975, 0
2.9985, 0
2.9995, 0
